Vendor;Description;Category;Url;FeedStatus
Abuse.ch;The host file contains Payload delivery domains and Botnet C2 domains (last 6 months);DNS;https://threatfox.abuse.ch/downloads/hostfile/;Active
Abuse.ch;Botnet C2 IP Blacklist (CSV);IP;https://sslbl.abuse.ch/blacklist/sslipblacklist.csv;Active
Abuse.ch;Botnet C2 IP Blacklist (TXT);IP;https://sslbl.abuse.ch/blacklist/sslipblacklist.txt;Active
Abuse.ch;Botnet C2 IP Blacklist Aggressive (CSV);IP;https://sslbl.abuse.ch/blacklist/sslipblacklist_aggressive.csv;Active
Abuse.ch;Botnet C2 IP Blacklist Aggressive (TXT);IP;https://sslbl.abuse.ch/blacklist/sslipblacklist_aggressive.txt;Active
Abuse.ch;Botnet C2 Indicators of Compromise – Recommended Blocklist;IP;https://feodotracker.abuse.ch/downloads/ipblocklist_recommended.txt;Active
Abuse.ch;Botnet C2 Indicators of Compromise;IP;https://feodotracker.abuse.ch/downloads/ipblocklist.txt;Active
Abuse.ch;All botnet C2s Feodo Tracker has ever seen;IP;https://feodotracker.abuse.ch/blocklist/;Active
Abuse.ch;MD5 hashes – Recent additions (MalwareBazaar);MD5;https://bazaar.abuse.ch/export/txt/md5/recent/;Active
Abuse.ch;MD5 hashes – Recent malicious files on C2 (ThreatFox);MD5;https://threatfox.abuse.ch/export/csv/md5/recent/;Active
Abuse.ch;SHA1 hashes – Recent additions (MalwareBazaar);SHA1;https://bazaar.abuse.ch/export/txt/sha1/recent/;Active
Abuse.ch;SHA256 hashes – Recent additions (MalwareBazaar);SHA256;https://bazaar.abuse.ch/export/txt/sha256/recent/;Active
Abuse.ch;SHA256 hashes – Recent malicious files on C2 (ThreatFox);SHA256;https://threatfox.abuse.ch/export/csv/sha256/recent/;Active
Abuse.ch;SSL Certificate Blacklist;SSL;https://sslbl.abuse.ch/blacklist/sslblacklist.csv;Active
Abuse.ch;Recent Payload delivery and Botnet C2 URLs (ThreatFox);URL;https://threatfox.abuse.ch/export/csv/urls/recent/;Active
Abuse.ch;Recent Malware URLs (URLhaus);URL;https://urlhaus.abuse.ch/downloads/csv_recent/;Active
Abuse.ch;JA3 Fingerprints Blacklist;JA3;https://sslbl.abuse.ch/blacklist/ja3_fingerprints.csv;Active
StopForumSpam;Forum Spammer IPs – 90 days (zip);IP;http://www.stopforumspam.com/downloads/listed_ip_90.zip;Active
StopForumSpam;Forum Spammer IPs – 180 days (zip);IP;http://www.stopforumspam.com/downloads/listed_ip_180.zip;Active
AlienVault;Alienvault IP Reputation;IP;http://reputation.alienvault.com/reputation.data;Active
AlienVault;IP Reputation Generic;IP;https://reputation.alienvault.com/reputation.generic;Active
Blocklist.de;All IPs that attacked a customer/server in the last 48 hours;IP;https://lists.blocklist.de/lists/all.txt;Active
Blocklist.de;IPs that attacked SSH in the last 48 hours;IP;https://lists.blocklist.de/lists/ssh.txt;Active
Blocklist.de;IPs that attacked Mail/Postfix in the last 48 hours;IP;https://lists.blocklist.de/lists/mail.txt;Active
Blocklist.de;IPs that attacked Apache in the last 48 hours;IP;https://lists.blocklist.de/lists/apache.txt;Active
Blocklist.de;IPs that attacked IMAP/SASL/POP3 in the last 48 hours;IP;https://lists.blocklist.de/lists/imap.txt;Active
Blocklist.de;IPs reported for IRC/BadBots/RFI-Attacks in the last 48 hours;IP;https://lists.blocklist.de/lists/bots.txt;Active
Blocklist.de;IPs with Brute-Force attacks on Joomla/Wordpress/Web-Logins;IP;https://lists.blocklist.de/lists/bruteforcelogin.txt;Active
Blocklist.de;IPs older than 2 months with more than 5000 attacks;IP;https://lists.blocklist.de/lists/strongips.txt;Active
Blocklist.de;IPs that attacked FTP in the last 48 hours;IP;https://lists.blocklist.de/lists/ftp.txt;Active
Blocklist.de;IPs that attacked SIP in the last 48 hours;IP;https://lists.blocklist.de/lists/sip.txt;Active
IPsum;Malicious and/or suspicious IP addresses – Level 1;IP;https://raw.githubusercontent.com/stamparm/ipsum/master/levels/1.txt;Active
IPsum;Malicious and/or suspicious IP addresses – Level 2;IP;https://raw.githubusercontent.com/stamparm/ipsum/master/levels/2.txt;Active
IPsum;Malicious and/or suspicious IP addresses – Level 3;IP;https://raw.githubusercontent.com/stamparm/ipsum/master/levels/3.txt;Active
IPsum;Malicious and/or suspicious IP addresses – Level 4;IP;https://raw.githubusercontent.com/stamparm/ipsum/master/levels/4.txt;Active
IPsum;Malicious and/or suspicious IP addresses – Level 5;IP;https://raw.githubusercontent.com/stamparm/ipsum/master/levels/5.txt;Active
IPsum;Malicious and/or suspicious IP addresses – Level 6;IP;https://raw.githubusercontent.com/stamparm/ipsum/master/levels/6.txt;Active
IPsum;Malicious and/or suspicious IP addresses – Level 7;IP;https://raw.githubusercontent.com/stamparm/ipsum/master/levels/7.txt;Active
IPsum;Malicious and/or suspicious IP addresses – Level 8;IP;https://raw.githubusercontent.com/stamparm/ipsum/master/levels/8.txt;Active
C2IntelFeeds;C2 IP addresses – 30 day verified;IP;https://raw.githubusercontent.com/drb-ra/C2IntelFeeds/master/feeds/IPC2s-30day.csv;Active
C2IntelFeeds;C2 domain list – 30 day filter abused;DNS;https://raw.githubusercontent.com/drb-ra/C2IntelFeeds/master/feeds/domainC2s-30day-filter-abused.csv;Active
C2IntelFeeds;C2 domains with URLs – 30 day filter abused;DNS;https://raw.githubusercontent.com/drb-ra/C2IntelFeeds/master/feeds/domainC2swithURL-30day-filter-abused.csv;Active
C2IntelFeeds;C2 domains with URLs – filter abused;DNS;https://raw.githubusercontent.com/drb-ra/C2IntelFeeds/master/feeds/domainC2swithURL-filter-abused.csv;Active
C2IntelFeeds;C2 domains with URL and IP – 30 day filter abused;DNS;https://raw.githubusercontent.com/drb-ra/C2IntelFeeds/master/feeds/domainC2swithURLwithIP-30day-filter-abused.csv;Active
C2IntelFeeds;C2 domains list;DNS;https://raw.githubusercontent.com/drb-ra/C2IntelFeeds/master/feeds/domainC2s.csv;Active
C2IntelFeeds;Unverified C2 IPs;IP;https://raw.githubusercontent.com/drb-ra/C2IntelFeeds/master/feeds/unverified/IPC2s.csv;Active
tweetfeed.live;IOCs shared by infosec community on Twitter – Today (IP/URL/DNS/Hash);IOC;https://raw.githubusercontent.com/0xDanielLopez/TweetFeed/master/today.csv;Active
tweetfeed.live;IOCs shared by infosec community on Twitter – Week (IP/URL/DNS/Hash);IOC;https://raw.githubusercontent.com/0xDanielLopez/TweetFeed/master/week.csv;Active
tweetfeed.live;IOCs shared by infosec community on Twitter – Month (IP/URL/DNS/Hash);IOC;https://raw.githubusercontent.com/0xDanielLopez/TweetFeed/master/month.csv;Active
tweetfeed.live;IOCs shared by infosec community on Twitter – Year (IP/URL/DNS/Hash);IOC;https://raw.githubusercontent.com/0xDanielLopez/TweetFeed/master/year.csv;Active
Botvrij.eu;Blacklist Domain;DNS;https://www.botvrij.eu/data/blocklist/blocklist_domain.csv;Active
Botvrij.eu;IOC List MD5;MD5;https://www.botvrij.eu/data/ioclist.md5;Active
Botvrij.eu;IOC List SHA1;SHA1;https://www.botvrij.eu/data/ioclist.sha1;Active
Botvrij.eu;IOC List SHA256;SHA256;https://www.botvrij.eu/data/ioclist.sha256;Active
CINSscore;CINS Bad IP List (ci-badguys);IP;https://cinsscore.com/list/ci-badguys.txt;Active
Phishing Army;Phishing Army Blocklist;URL;https://phishing.army/download/phishing_army_blocklist.txt;Active
Phishing Army;Phishing Army Blocklist Extended;URL;https://phishing.army/download/phishing_army_blocklist_extended.txt;Active
Binarydefense;Binary Defense Artillery Threat Intelligence Banlist;IP;https://www.binarydefense.com/banlist.txt;Active
CISA;Known Exploited Vulnerabilities Catalog (CSV);CVEID;https://www.cisa.gov/sites/default/files/csv/known_exploited_vulnerabilities.csv;Active
CISA;Known Exploited Vulnerabilities Catalog (JSON);CVEID;https://www.cisa.gov/sites/default/files/feeds/known_exploited_vulnerabilities.json;Active
eCrimeLabs;Vulnerabilities with Metasploit exploit available;CVEID;https://feeds.ecrimelabs.net/data/metasploit-cve;Active
MISP Feed CERT-FR;MISP Feed CERT-FR Hashes;MISP;https://misp.cert.ssi.gouv.fr/feed-misp/hashes.csv;Active
OpenPhish;Phishing URLs;URL;https://openphish.com/feed.txt;Active
Cert.PL;Malicious Domains;DNS;https://hole.cert.pl/domains/domains.csv;Active
NIST;National Vulnerability Database CVEs;CVEID;https://services.nvd.nist.gov/rest/json/cves/2.0;Active
Github;Fox-IT Cobalt Strike Servers;IP;https://raw.githubusercontent.com/fox-it/cobaltstrike-extraneous-space/master/cobaltstrike-servers.csv;Active
Github;APT Notes CSV;URL;https://raw.githubusercontent.com/aptnotes/data/master/APTnotes.csv;Active
Firehol;Firehol Level 1 Blocklist (netset);IP;https://raw.githubusercontent.com/ktsaou/blocklist-ipsets/master/firehol_level1.netset;Active
ThreatMon;ThreatMon Daily C2 Feeds;REPO;https://github.com/ThreatMon/ThreatMon-Daily-C2-Feeds;Active
Ellio;Firewall Threat List (Community);IP;https://cdn.ellio.tech/community-feed;Active
threatview.io;OSINT IOCs from Twitter and Pastebin;IP;https://threatview.io/Downloads/Experimental-IOC-Tweets.txt;Active
threatview.io;High Confidence Cobalt Strike C2 Feed;IP;https://threatview.io/Downloads/High-Confidence-CobaltStrike-C2%20-Feeds.txt;Active
threatview.io;IP High Confidence Feed;IP;https://threatview.io/Downloads/IP-High-Confidence-Feed.txt;Active
threatview.io;Domain High Confidence Feed;DNS;https://threatview.io/Downloads/DOMAIN-High-Confidence-Feed.txt;Active
threatview.io;MD5 Hash Blocklist;MD5;https://threatview.io/Downloads/MD5-HASH-ALL.txt;Active
threatview.io;URL High Confidence Feed;URL;https://threatview.io/Downloads/URL-High-Confidence-Feed.txt;Active
threatview.io;SHA File Hash Feed;SHA1;https://threatview.io/Downloads/SHA-HASH-FEED.txt;Active
urlabuse;URL Abuse Blacklist Feed;URL;https://urlabuse.com/public/data/data.txt;Active
urlabuse;Malware URL Feed;URL;https://urlabuse.com/public/data/malware_url.txt;Active
urlabuse;Phishing URL Feed;URL;https://urlabuse.com/public/data/phishing_url.txt;Active
urlabuse;Hacked URL Feed;URL;https://urlabuse.com/public/data/hacked_url.txt;Active
StopForumSpam;Forum Spammer IPs – 1 day (zip);IP;http://www.stopforumspam.com/downloads/listed_ip_1.zip;Active
StopForumSpam;Forum Spammer IPs – 7 days (zip);IP;http://www.stopforumspam.com/downloads/listed_ip_7.zip;Active
tsirolnik;Spam Domains List;DNS;https://raw.githubusercontent.com/tsirolnik/spam-domains-list/master/spamdomains.txt;Active
ransomware.live;All ransomware victims on leak sites;RANSOMWARELEAK;https://api.ransomware.live/allcyberattacks;Active
X4BNet;VPN IPs;IP;https://raw.githubusercontent.com/X4BNet/lists_vpn/main/output/vpn/ipv4.txt;Active
Daniel Austin MBCS;TOR Exit Nodes;IP;https://www.dan.me.uk/torlist/?exit;Active
Daniel Austin MBCS;TOR All Nodes;IP;https://www.dan.me.uk/torlist/?full;Active
SecOps-Institute;Tor Nodes List;IP;https://raw.githubusercontent.com/SecOps-Institute/Tor-IP-Addresses/master/tor-nodes.lst;Active
SecOps-Institute;Tor Exit Nodes List;IP;https://raw.githubusercontent.com/SecOps-Institute/Tor-IP-Addresses/master/tor-exit-nodes.lst;Active
Spamhaus Project;Don't Route Or Peer (DROP) List;IP;https://www.spamhaus.org/drop/drop_v4.json;Active
DShield;Top 20 attacking subnets;IP;https://feeds.dshield.org/block.txt;Active
DataPlane;SIP Query Source IPs;IP;https://dataplane.org/sipquery.txt;Active
DataPlane;SSH Password Auth Source IPs;IP;https://dataplane.org/sshpwauth.txt;Active
DataPlane;SSH Client Source IPs;IP;https://dataplane.org/sshclient.txt;Active
DataPlane;SIP Registration Source IPs;IP;https://dataplane.org/sipregistration.txt;Active
DataPlane;VNC RFB Source IPs;IP;https://dataplane.org/vncrfb.txt;Active
CriticalPathSecurity;Abuse.ch IP Blocklist Feed;IP;https://raw.githubusercontent.com/CriticalPathSecurity/Public-Intelligence-Feeds/master/abuse-ch-ipblocklist.txt;Active
CriticalPathSecurity;Log4j Scanners and Exploiters;IP;https://raw.githubusercontent.com/CriticalPathSecurity/Public-Intelligence-Feeds/master/log4j.txt;Active
MISP Project;MISP Default Feeds (metadata);URL;https://raw.githubusercontent.com/MISP/MISP/2.4/app/files/feed-metadata/defaults.json;Active
MISP CIRCL;MISP CIRCL OSINT Feed – Hashes;MISP;https://www.circl.lu/doc/misp/feed-osint/;Offline
MISP Abuse.ch;MISP Abuse.ch URLhaus;URL;https://urlhaus.abuse.ch/downloads/misp/;Active
TorProject;Tor Exit Addresses (TorProject official);IP;https://check.torproject.org/exit-addresses;Active
darklist.de;Darklist.de IP Blacklist;IP;http://www.darklist.de/raw.php;Active
Botvrij.eu;Botvrij IOC IP Destination (raw);IP;http://www.botvrij.eu/data/ioclist.ip-dst.raw;Active
Botvrij.eu;Botvrij IOC IP Source (raw);IP;http://www.botvrij.eu/data/ioclist.ip-src.raw;Active
Emerging Threats;Emerging Threats Tor Rules;IP;http://rules.emergingthreats.net/blockrules/emerging-tor.rules;Active
Emerging Threats;Emerging Threats Block IPs;IP;http://rules.emergingthreats.net/fwrules/emerging-Block-IPs.txt;Active
Spamhaus;Spamhaus DROP List (legacy txt);IP;http://www.spamhaus.org/drop/drop.txt;Active
Abuse.ch;Feodo IP Blocklist Aggressive;IP;https://feodotracker.abuse.ch/downloads/ipblocklist_aggressive.txt;Active
Sblam;Sblam Spam Comment IPs;IP;http://sblam.com/blacklist.txt;Active
DataPlane;DNS Recursion Desired;IP;https://dataplane.org/dnsrd.txt;Active
DataPlane;DNS Recursion Desired IN ANY;IP;https://dataplane.org/dnsrdany.txt;Active
DataPlane;DNS CH TXT version.bind;IP;https://dataplane.org/dnsversion.txt;Active
DataPlane;SIP Invitation Source IPs;IP;https://dataplane.org/sipinvitation.txt;Active
DataPlane;SMTP Data Source IPs;IP;https://dataplane.org/smtpdata.txt;Active
DataPlane;SMTP Greet Source IPs;IP;https://dataplane.org/smtpgreet.txt;Active
DataPlane;IP Protocol 41 Source IPs;IP;https://dataplane.org/proto41.txt;Active
DataPlane;Telnet Login Source IPs;IP;https://dataplane.org/telnetlogin.txt;Active
StopForumSpam;Forum Spammer IPs (last 1 day);IP;https://www.stopforumspam.com/downloads/listed_ip_1.txt;Active
StopForumSpam;Forum Spammer IPs – 30 days (zip);IP;http://www.stopforumspam.com/downloads/listed_ip_30.zip;Active
Blocklist.net.ua;Ukrainian Blocklist (Ukraine CERT);IP;https://blocklist.net.ua/blocklist.csv;Active
CleanTalk;CleanTalk Blacklist – Submitted Today;IP;https://cleantalk.org/blacklists/submited_today;Active
CleanTalk;CleanTalk Blacklist – Updated Today;IP;https://cleantalk.org/blacklists/updated_today;Active
CleanTalk;CleanTalk Blacklist – Top 20;IP;https://cleantalk.org/blacklists/top20;Active
AbuseIPDB;AbuseIPDB Score 100 – Last 1 day;IP;https://raw.githubusercontent.com/borestad/blocklist-abuseipdb/main/abuseipdb-s100-1d.ipv4;Active
AbuseIPDB;AbuseIPDB Score 100 – Last 30 days;IP;https://raw.githubusercontent.com/borestad/blocklist-abuseipdb/main/abuseipdb-s100-30d.ipv4;Active
Maltrail;Maltrail Mass Scanner IPs;IP;https://raw.githubusercontent.com/stamparm/maltrail/master/trails/static/mass_scanner.txt;Active
VXVault;VXVault Malware URL List;URL;http://vxvault.net/ViriList.php?s=0&m=100;Active
VXVault;VXVault URL List;URL;http://vxvault.net/URL_List.php;Active
GriffinGuard;GriffinGuard Abuse 7-day Top 10K;IP;https://griffinguard.io/feeds/abuse7d_top10k.txt;Active
Ultimate-Hosts-Blacklist;Ultimate Hosts Blacklist IPs;IP;https://raw.githubusercontent.com/Ultimate-Hosts-Blacklist/Ultimate.Hosts.Blacklist/master/ips/ips0.list;Active
Ngosang;BitTorrent Trackers IP List;BLOCKLIST;https://raw.githubusercontent.com/ngosang/trackerslist/master/trackers_all_ip.txt;Active
opsxcq;Open Proxy List;IP;https://raw.githubusercontent.com/opsxcq/proxy-list/master/list.txt;Active
BruteForceBlocker;SSH BruteForce Blocker IPs;IP;http://danger.rulez.sk/projects/bruteforceblocker/blist.php;Active
Yoyo;Yoyo Ad Server IPs;IP;http://pgl.yoyo.org/adservers/iplist.php?ipformat=plain&showintro=0&mimetype=plaintext;Active
cybercrime-tracker.net;Cybercrime Tracker – All C2s;URL;https://cybercrime-tracker.net/all.php;Active
cybercrime-tracker.net;Cybercrime Tracker – Gatelist;URL;https://cybercrime-tracker.net/ccamgate.php;Active
cybercrime-tracker.net;Cybercrime Tracker – Hash List;MD5;https://cybercrime-tracker.net/ccamlist.php;Active
pan-unit42;DiamondFox Panels;IP;https://raw.githubusercontent.com/pan-unit42/iocs/master/diamondfox/diamondfox_panels.txt;Active
ipspamlist;IP Spam List;IP;http://www.ipspamlist.com/public_feeds.csv;Active
CERT-PL;List of malicious domains in Poland (txt);DNS;https://hole.cert.pl/domains/domains.txt;Active
malshare.com;Malshare Current All;MD5;https://malshare.com/daily/malshare.current.all.txt;Active
MalSilo;MalSilo Domain List;DNS;https://malsilo.gitlab.io/feeds/dumps/domain_list.txt;Active
MalSilo;MalSilo IPv4 List;IP;https://malsilo.gitlab.io/feeds/dumps/ip_list.txt;Active
MalSilo;MalSilo URL List;URL;https://malsilo.gitlab.io/feeds/dumps/url_list.txt;Active
PhishTank;PhishTank Online Valid Phishing;URL;https://data.phishtank.com/data/online-valid.csv;Active
home.nuug.no;POP3 Gropers;IP;https://home.nuug.no/~peter/pop3gropers.txt;Active
shreshtait.com;Newly Registered Domains – 1 month;DNS;https://shreshtait.com/newly-registered-domains/nrd-1m;Active
shreshtait.com;Newly Registered Domains – 1 week;DNS;https://shreshtait.com/newly-registered-domains/nrd-1w;Active
APNIC Honeynet;SSH Bruteforce IPs;IP;https://feeds.honeynet.asia/bruteforce/latest-sshbruteforce-unique.csv;Active
APNIC Honeynet;Telnet Bruteforce IPs;IP;https://feeds.honeynet.asia/bruteforce/latest-telnetbruteforce-unique.csv;Active
Abuse.ch;ThreatFox IOCs – Recent (all types);URL;https://threatfox.abuse.ch/export/csv/recent/;Active
threatview.io;Bitcoin Address Intel;IOC;https://threatview.io/Downloads/MALICIOUS-BITCOIN_FEED.txt;Active
APNIC Honeynet;URL Seen in Honeypots;URL;https://feeds.honeynet.asia/url/latest-url-unique.csv;Active
PhishTank;PhishTank Online Valid Phishing (CSV);URL;http://data.phishtank.com/data/online-valid.csv;Active
urlabuse;URL Abuse DB – Latest 500 entries (CSV);URL;https://urlabuse.com/public/data/data_csv.txt;Active
StopForumSpam;Toxic IPs CIDR;IP;http://www.stopforumspam.com/downloads/toxic_ip_cidr.txt;Active
Carbon Black;Cobalt Strike LuckyMouse / TA428;IP;https://raw.githubusercontent.com/carbonblack/active_c2_ioc_public/main/cobaltstrike/actor-specific/cobaltstrike_luckymouse_ta428.csv;Active
Carbon Black;Cobalt Strike Pyxie;IP;https://raw.githubusercontent.com/carbonblack/active_c2_ioc_public/main/cobaltstrike/actor-specific/cobaltstrike_pyxie.csv;Active
osint.bambenekconsulting.com;All current domains belonging to known malicious DGAs (requires license for commercial use);RESTRICTED;https://osint.bambenekconsulting.com/feeds/dga-feed-high.csv;Restricted
osint.bambenekconsulting.com;Domains from High-Confidence DGA-based C&C Domains Actively Resolving (requires license for commercial use);RESTRICTED;https://osint.bambenekconsulting.com/feeds/c2-dommasterlist-high.txt;Restricted
osint.bambenekconsulting.com;IPs from High-Confidence DGA-Based C&Cs Actively Resolving (requires license for commercial use);RESTRICTED;https://osint.bambenekconsulting.com/feeds/c2-ipmasterlist-high.txt;Restricted
snort.org;ip-block-list;IP;https://snort.org/downloads/ip-block-list;Active
abuse.ch;MalwareBazaar MISP feed (hashes + metadata);MISP;https://bazaar.abuse.ch/downloads/misp/;Active
Botvrij.eu;Botvrij.eu OSINT MISP feed;MISP;https://www.botvrij.eu/data/feed-osint;Active
abuse.ch;ThreatFox MISP feed (IOCs);MISP;https://threatfox.abuse.ch/downloads/misp/;Active
kraloveckey;FireWALL-E: ipsets-blocklist;REPO;https://github.com/kraloveckey/ipsets-blocklist;Active
executemalware;Community Malware IOCs (GitHub repo);REPO;https://github.com/executemalware/Malware-IOCs;Active
ESET;ESET Malware IOC Repository;REPO;https://github.com/eset/malware-ioc;Active
Palo Alto Unit42;Unit42 IOC Repository;REPO;https://github.com/pan-unit42/iocs;Active
dan.me.uk;Dynamic list of TOR nodes (full);IP;https://www.dan.me.uk/torlist/;Active
Emerging Threats;ET compromised hosts (includes openbl/bruteforceblocker/sidreporter);IP;http://rules.emergingthreats.net/blockrules/compromised-ips.txt;Active
Emerging Threats;ET Spamhaus DROP blocklist (PIX/ACL format);IP;http://rules.emergingthreats.net/fwrules/emerging-PIX-DROP.rules;Active
Emerging Threats;ET DShield top 20 attackers (PIX/ACL format);IP;http://rules.emergingthreats.net/fwrules/emerging-PIX-DSHIELD.rules;Active
StopForumSpam;Banned IPs – all time (ZIP);IP;http://www.stopforumspam.com/downloads/bannedips.zip;Active
StopForumSpam;Forum spammer IPs – last 365 days (ZIP);IP;http://www.stopforumspam.com/downloads/listed_ip_365.zip;Active
StopForumSpam;Forum spammer IPs – last 180 days ALL (ZIP);IP;https://www.stopforumspam.com/downloads/listed_ip_180_all.zip;Active
MyIP.ms;Web bot IPs identified in last 10 days;IP;http://www.myip.ms/files/blacklist/csf/latest_blacklist.txt;Active
MyIP.ms;Full blacklist database (ZIP);IP;https://myip.ms/files/blacklist/general/full_blacklist_database.zip;Active
SSLProxies.org;Open SSL proxies;IP;http://www.sslproxies.org/;Active
socks-proxy.net;Open SOCKS proxies;IP;http://www.socks-proxy.net/;Active
ProjectHoneypot.org;Email harvesters (RSS feed);IP;http://www.projecthoneypot.org/list_of_ips.php?t=h&rss=1;Active
ProjectHoneypot.org;Spam servers (RSS feed);IP;http://www.projecthoneypot.org/list_of_ips.php?t=s&rss=1;Active
ProjectHoneypot.org;Bad web hosts (RSS feed);IP;http://www.projecthoneypot.org/list_of_ips.php?t=b&rss=1;Active
ProjectHoneypot.org;Comment spammers (RSS feed);IP;http://www.projecthoneypot.org/list_of_ips.php?t=c&rss=1;Active
ProjectHoneypot.org;Directory/dictionary attackers (RSS feed);IP;http://www.projecthoneypot.org/list_of_ips.php?t=d&rss=1;Active
BotScout.com;Most recently-caught web bots;IP;http://botscout.com/last_caught_cache.htm;Active
GreenSnow.co;Bruteforce/scan/exploit attacking IPs;IP;http://blocklist.greensnow.co/greensnow.txt;Active
cybercrime-tracker.net;Command and Control tracking IP list;IP;http://cybercrime-tracker.net/fuckerz.php;Active
GraphiclineWeb;Universally banned IPs (spiders/spambots/hackers/harvesters);IP;https://graphiclineweb.wordpress.com/tech-notes/ip-blacklist/;Active
GPF Comics;IPs that attacked GPF Comics (spam/exploits/scans);IP;https://www.gpf-comics.com/dnsbl/export.php;Active
iBlocklist.com;Open Proxies IPs (without TOR);IP;http://list.iblocklist.com/?list=xoebmbyexwuiogmbyprb&fileformat=p2p&archiveformat=gz;Active
iBlocklist.com;Known malicious Spyware and Adware IP ranges;IP;http://list.iblocklist.com/?list=llvtlsjyoyiczbkjsxpf&fileformat=p2p&archiveformat=gz;Active
iBlocklist.com;Hijacked IP-Blocks and known Spam delivery ranges;IP;http://list.iblocklist.com/?list=usrcshglbiilevmyfhse&fileformat=p2p&archiveformat=gz;Active
iBlocklist.com;Web server hack and exploit attempt IPs;IP;http://list.iblocklist.com/?list=ghlzqtqxnzctvvajwwag&fileformat=p2p&archiveformat=gz;Active
iBlocklist.com;Level 1 – anti-p2p companies/media/government/legal ranges;BLOCKLIST;http://list.iblocklist.com/?list=ydxerpxkpcfqjaybcssw&fileformat=p2p&archiveformat=gz;Active
iBlocklist.com;Level 2 – corporate/labs/proxy ranges;BLOCKLIST;http://list.iblocklist.com/?list=gyisgnzbhppbvsphucsw&fileformat=p2p&archiveformat=gz;Active
iBlocklist.com;Level 3 – paranoid list (portals/ISPs/unusual ranges);BLOCKLIST;http://list.iblocklist.com/?list=uwnukjqktoggdknzrhgh&fileformat=p2p&archiveformat=gz;Active
iBlocklist.com;Suspicious IPs under investigation;IP;http://list.iblocklist.com/?list=plkehquoahljmyxjixpu&fileformat=p2p&archiveformat=gz;Active
iBlocklist.com;Advertising trackers and bad/intrusive sites;IP;http://list.iblocklist.com/?list=dgxtneitpuvgqqcpfulq&fileformat=p2p&archiveformat=gz;Active
iBlocklist.com;Hostile web spiders;IP;http://list.iblocklist.com/?list=mcvxsnihddgutbjfbghy&fileformat=p2p&archiveformat=gz;Active
iBlocklist.com;Known hackers and DShield reported IPs;IP;http://list.iblocklist.com/?list=xpbqleszmajjesnzddhv&fileformat=p2p&archiveformat=gz;Active
iBlocklist.com;Forum spam IPs;IP;http://list.iblocklist.com/?list=ficutxiwawokxlcyoeye&fileformat=p2p&archiveformat=gz;Active
iBlocklist.com;CruzIT compromised machines scanning for vulnerabilities;IP;http://list.iblocklist.com/?list=czvaehmjpsnwwttrdoyl&fileformat=p2p&archiveformat=gz;Active
iBlocklist.com;Spamhaus DROP list (p2p format);IP;http://list.iblocklist.com/?list=zbdlwrqkabxbcppvrnos&fileformat=p2p&archiveformat=gz;Active
iBlocklist.com;SpyEye tracker abuse.ch IP blocklist;IP;http://list.iblocklist.com/?list=zvjxsfuvdhoxktpeiokq&fileformat=p2p&archiveformat=gz;Active
iBlocklist.com;Palevo tracker abuse.ch IP blocklist;IP;http://list.iblocklist.com/?list=erqajhwrxiuvjxqrrwfj&fileformat=p2p&archiveformat=gz;Active
iBlocklist.com;CIArmy malicious IPs (Sentinel network);IP;http://list.iblocklist.com/?list=npkuuhuxcsllnhoamkvm&fileformat=p2p&archiveformat=gz;Active
iBlocklist.com;Malc0de malware distribution IPs (last 30 days);IP;http://list.iblocklist.com/?list=pbqcylkejciyhmwttify&fileformat=p2p&archiveformat=gz;Active
iBlocklist.com;Tor / Onion Router IP addresses;IP;http://list.iblocklist.com/?list=togdoptykrlolpddwbvz&fileformat=p2p&archiveformat=gz;Active
iBlocklist.com;Yoyo.org ad servers (p2p format);BLOCKLIST;http://list.iblocklist.com/?list=zhogegszwduurnvsyhdf&fileformat=p2p&archiveformat=gz;Active
iBlocklist.com;Educational Institution IPs;BLOCKLIST;http://list.iblocklist.com/?list=imlmncgrkbnacgcwfjvh&fileformat=p2p&archiveformat=gz;Active
iBlocklist.com;Microsoft IP ranges;BLOCKLIST;http://list.iblocklist.com/?list=xshktygkujudfnjfioro&fileformat=p2p&archiveformat=gz;Active
iBlocklist.com;IANA Reserved IPs;BLOCKLIST;http://list.iblocklist.com/?list=bcoepfyewziejvcqyhqo&fileformat=p2p&archiveformat=gz;Active
iBlocklist.com;IANA Private IPs;BLOCKLIST;http://list.iblocklist.com/?list=cslpybexmxyuacbyuvib&fileformat=p2p&archiveformat=gz;Active
iBlocklist.com;IANA Multicast IPs;BLOCKLIST;http://list.iblocklist.com/?list=pwqnlynprfgtjbgqoizj&fileformat=p2p&archiveformat=gz;Active
iBlocklist.com;IP blocklist for non-LAN computers;BLOCKLIST;http://list.iblocklist.com/?list=jhaoawihmfxgnvmaqffp&fileformat=p2p&archiveformat=gz;Active
iBlocklist.com;Exclusions list;BLOCKLIST;http://list.iblocklist.com/?list=mtxmiireqmjzazcsoiem&fileformat=p2p&archiveformat=gz;Active
iBlocklist.com;IP ranges sharing child pornography in p2p community;IP;http://list.iblocklist.com/?list=dufcxgnbjsdwmwctgfuj&fileformat=p2p&archiveformat=gz;Active
iBlocklist.com;Apple IPs;BLOCKLIST;http://list.iblocklist.com/?list=aphcqvpxuqgrkgufjruj&fileformat=p2p&archiveformat=gz;Active
iBlocklist.com;LogMeIn IPs;BLOCKLIST;http://list.iblocklist.com/?list=tgbankumtwtrzllndbmb&fileformat=p2p&archiveformat=gz;Active
iBlocklist.com;Steam IPs;BLOCKLIST;http://list.iblocklist.com/?list=cnxkgiklecdaihzukrud&fileformat=p2p&archiveformat=gz;Active
iBlocklist.com;XFire IPs;BLOCKLIST;http://list.iblocklist.com/?list=ppqqnyihmcrryraaqsjo&fileformat=p2p&archiveformat=gz;Active
iBlocklist.com;Blizzard IPs;BLOCKLIST;http://list.iblocklist.com/?list=ercbntshuthyykfkmhxc&fileformat=p2p&archiveformat=gz;Active
iBlocklist.com;Ubisoft IPs;BLOCKLIST;http://list.iblocklist.com/?list=etmcrglomupyxtaebzht&fileformat=p2p&archiveformat=gz;Active
iBlocklist.com;Nintendo IPs;BLOCKLIST;http://list.iblocklist.com/?list=pevkykuhgaegqyayzbnr&fileformat=p2p&archiveformat=gz;Active
iBlocklist.com;Activision IPs;BLOCKLIST;http://list.iblocklist.com/?list=gfnxlhxsijzrcuxwzebb&fileformat=p2p&archiveformat=gz;Active
iBlocklist.com;Sony Online Entertainment IPs;BLOCKLIST;http://list.iblocklist.com/?list=tukpvrvlubsputmkmiwg&fileformat=p2p&archiveformat=gz;Active
iBlocklist.com;Crowd Control Productions IPs;BLOCKLIST;http://list.iblocklist.com/?list=eveiyhgmusglurfmjyag&fileformat=p2p&archiveformat=gz;Active
iBlocklist.com;Linden Lab IPs;BLOCKLIST;http://list.iblocklist.com/?list=qnjdimxnaupjmpqolxcv&fileformat=p2p&archiveformat=gz;Active
iBlocklist.com;Electronic Arts IPs;BLOCKLIST;http://list.iblocklist.com/?list=ejqebpcdmffinaetsvxj&fileformat=p2p&archiveformat=gz;Active
iBlocklist.com;Square Enix IPs;BLOCKLIST;http://list.iblocklist.com/?list=odyaqontcydnodrlyina&fileformat=p2p&archiveformat=gz;Active
iBlocklist.com;NCsoft IPs;BLOCKLIST;http://list.iblocklist.com/?list=mwjuwmebrnzyyxpbezxu&fileformat=p2p&archiveformat=gz;Active
iBlocklist.com;Riot Games IPs;BLOCKLIST;http://list.iblocklist.com/?list=sdlvfabdjvrdttfjotcy&fileformat=p2p&archiveformat=gz;Active
iBlocklist.com;Punkbuster IPs;BLOCKLIST;http://list.iblocklist.com/?list=zvwwndvzulqcltsicwdg&fileformat=p2p&archiveformat=gz;Active
iBlocklist.com;Joost IPs;BLOCKLIST;http://list.iblocklist.com/?list=alxugfmeszbhpxqfdits&fileformat=p2p&archiveformat=gz;Active
iBlocklist.com;Pandora IPs;BLOCKLIST;http://list.iblocklist.com/?list=aevzidimyvwybzkletsg&fileformat=p2p&archiveformat=gz;Active
iBlocklist.com;The Pirate Bay IPs;BLOCKLIST;http://list.iblocklist.com/?list=nzldzlpkgrcncdomnttb&fileformat=p2p&archiveformat=gz;Active
iBlocklist.com;AOL IPs;BLOCKLIST;http://list.iblocklist.com/?list=toboaiysofkflwgrttmb&fileformat=p2p&archiveformat=gz;Active
iBlocklist.com;Comcast IPs;BLOCKLIST;http://list.iblocklist.com/?list=rsgyxvuklicibautguia&fileformat=p2p&archiveformat=gz;Active
iBlocklist.com;Cablevision IPs;BLOCKLIST;http://list.iblocklist.com/?list=dwwbsmzirrykdlvpqozb&fileformat=p2p&archiveformat=gz;Active
iBlocklist.com;Verizon IPs;BLOCKLIST;http://list.iblocklist.com/?list=cdmdbprvldivlqsaqjol&fileformat=p2p&archiveformat=gz;Active
iBlocklist.com;AT&T IPs;BLOCKLIST;http://list.iblocklist.com/?list=grbtkzijgrowvobvessf&fileformat=p2p&archiveformat=gz;Active
iBlocklist.com;Cox Communications IPs;BLOCKLIST;http://list.iblocklist.com/?list=nlgdvmvfxvoimdunmuju&fileformat=p2p&archiveformat=gz;Active
iBlocklist.com;Time Warner Cable IPs;BLOCKLIST;http://list.iblocklist.com/?list=aqtsnttnqmcucwrjmohd&fileformat=p2p&archiveformat=gz;Active
iBlocklist.com;Charter IPs;BLOCKLIST;http://list.iblocklist.com/?list=htnzojgossawhpkbulqw&fileformat=p2p&archiveformat=gz;Active
iBlocklist.com;Qwest IPs;BLOCKLIST;http://list.iblocklist.com/?list=jezlifrpefawuoawnfez&fileformat=p2p&archiveformat=gz;Active
iBlocklist.com;Embarq IPs;BLOCKLIST;http://list.iblocklist.com/?list=twdblifaysaqtypevvdp&fileformat=p2p&archiveformat=gz;Active
iBlocklist.com;Suddenlink IPs;BLOCKLIST;http://list.iblocklist.com/?list=psaoblrwylfrdsspfuiq&fileformat=p2p&archiveformat=gz;Active
iBlocklist.com;Sprint IPs;BLOCKLIST;http://list.iblocklist.com/?list=hngtqrhhuadlceqxbrob&fileformat=p2p&archiveformat=gz;Active
MaxMind;GeoLite2 ASN Database – IP to ASN mapping (requires free license key at maxmind.com);RESTRICTED;https://download.maxmind.com/app/geoip_download?edition_id=GeoLite2-ASN-CSV&license_key=YOUR_KEY&suffix=zip;Restricted
MaxMind;GeoLite2 Country Database – IP to Country mapping (requires free license key at maxmind.com);RESTRICTED;https://download.maxmind.com/app/geoip_download?edition_id=GeoLite2-Country-CSV&license_key=YOUR_KEY&suffix=zip;Restricted
IP2Location;IP2Location LITE DB1 – IP to Country database (free, no key required);GEOIP;https://download.ip2location.com/lite/IP2LOCATION-LITE-DB1.CSV.ZIP;Active
IPDeny.com;IPDeny country IP blocks – all zones (tar.gz, updated daily);GEOIP;http://www.ipdeny.com/ipblocks/data/countries/all-zones.tar.gz;Active
DB-IP;DB-IP Country Lite – free IP to Country database (monthly updated, fixed URL);GEOIP;https://download.db-ip.com/free/dbip-phpsrc-4.0.tgz;Active
Turris;Turris Greylist – IPs observed attacking Turris routers;IP;https://www.turris.cz/greylist-data/greylist-latest.csv;Active
James Brine;Daily malicious IPs from honeypots (SSH/FTP/RDP/GIT/SNMP/REDIS);IP;https://jamesbrine.com.au/csv;Active
SANS ICS / DShield;DShield suggested IP blocklist;IP;https://isc.sans.edu/block.txt;Active
IPsum;IPsum combined threat feed – all blacklists merged with occurrence count;IP;https://raw.githubusercontent.com/stamparm/ipsum/master/ipsum.txt;Active
WSTNPHX;Email addresses used by malware;IOC;https://raw.githubusercontent.com/WSTNPHX/scripts-n-tools/master/malware-email-addresses.txt;Active
SecurityScorecard;Public IoCs from SecurityScorecard technical blog posts;REPO;https://github.com/securityscorecard/SSC-Threat-Intel-IoCs;Active
phishdestroy;PhishDestroy blocklist – phishing and malicious domains;DNS;https://raw.githubusercontent.com/phishdestroy/destroylist/refs/heads/main/list.txt;Active
SANS ICS;SANS ICS Intel Feed – community threat indicators;IP;https://isc.sans.edu/api/intelfeed;Active
CriticalPathSecurity;CPS collected IOCs (Zeek intel format);IP;https://raw.githubusercontent.com/CriticalPathSecurity/Zeek-Intelligence-Feeds/master/cps-collected-iocs.intel;Active
CriticalPathSecurity;CPS LockBit ransomware IPs;IP;https://raw.githubusercontent.com/CriticalPathSecurity/Zeek-Intelligence-Feeds/master/lockbit_ip.intel;Active
CriticalPathSecurity;CPS stalkerware indicators;IP;https://raw.githubusercontent.com/CriticalPathSecurity/Zeek-Intelligence-Feeds/master/stalkerware.intel;Active
CriticalPathSecurity;CPS file transfer portal IOCs;URL;https://raw.githubusercontent.com/CriticalPathSecurity/Zeek-Intelligence-Feeds/master/filetransferportals.intel;Active
CriticalPathSecurity;CPS Ragnar Locker ransomware IOCs;IP;https://raw.githubusercontent.com/CriticalPathSecurity/Zeek-Intelligence-Feeds/master/ragnar.intel;Active
spydisec;High Confidence IP Blocklist – confirmed by 5+ independent sources (~5K IPs);IP;https://spydisec.com/high_confidence_limited.txt;Active
spydisec;High Confidence IP Blocklist – validated by 3+ independent sources (unlimited);IP;https://spydisec.com/high_confidence_unlimited.txt;Active
spydisec;Medium Confidence IP Blocklist – corroborated by 2+ sources (~25K IPs);IP;https://spydisec.com/medium_confidence_limited.txt;Active
spydisec;Medium Confidence IP Blocklist – corroborated by 2+ sources (unlimited);IP;https://spydisec.com/medium_confidence_unlimited.txt;Active
spydisec;Low Confidence IP Blocklist – single source reports (use with caution);IP;https://spydisec.com/low_confidence.txt;Active
spydisec;Full Research IP Blocklist (all tiers combined);IP;https://spydisec.com/fullIPblocklist.txt;Active
spydisec;Permanent append-only IP Blocklist archive;IP;https://spydisec.com/permanentfullIPblocklist.txt;Active
spydisec;Malicious Domains Blocklist;DNS;https://spydisec.com/maliciousblocklist.txt;Active
spydisec;Spam/Scam/Abuse Domains Blocklist;DNS;https://spydisec.com/spamblocklist.txt;Active
spydisec;Ads and Tracking Domains Blocklist;DNS;https://spydisec.com/adsblocklist.txt;Active
spydisec;Permanent append-only Malicious Domains archive;DNS;https://spydisec.com/permanentMaliciousDomainList.txt;Offline
etnetera.cz;Etnetera aggressive IP blocklist (Czech ISP security team);IP;https://security.etnetera.cz/feeds/etn_aggressive.txt;Active
elliotwutingfeng;Inversion DNSBL – scam and phishing domains;DNS;https://raw.githubusercontent.com/elliotwutingfeng/Inversion-DNSBL-Blocklists/main/Google_hostnames.txt;Active
NETSHIELD;Active IP Blacklist – Score ≥65 last 30 days (firewall recommended);IP;https://raw.githubusercontent.com/juergen2025sys/NETSHIELD/main/active_blacklist_ipv4.txt;Active
NETSHIELD;IP Blacklist – Score ≥40 extended rules;IP;https://raw.githubusercontent.com/juergen2025sys/NETSHIELD/main/blacklist_confidence40_ipv4.txt;Active
NETSHIELD;Combined Threat Blacklist – 180-day window for SIEM/audit;IP;https://raw.githubusercontent.com/juergen2025sys/NETSHIELD/main/combined_threat_blacklist_ipv4.txt;Active
NETSHIELD;Watchlist – Score 25-39 monitoring only;IP;https://raw.githubusercontent.com/juergen2025sys/NETSHIELD/main/watchlist_confidence25to39_ipv4.txt;Active
NETSHIELD;CVE exploit and active C2 server IPs (daily);IP;https://raw.githubusercontent.com/juergen2025sys/NETSHIELD/main/cve_exploit_ips.txt;Active
NETSHIELD;Honeypot-confirmed attacker IPs (daily);IP;https://raw.githubusercontent.com/juergen2025sys/NETSHIELD/main/honeypot_ips.txt;Active
NETSHIELD;HoneyDB community honeypot IPs (API);IP;https://raw.githubusercontent.com/juergen2025sys/NETSHIELD/main/honeydb_ips.txt;Offline
NETSHIELD;Bot and scanner IPs (daily);IP;https://raw.githubusercontent.com/juergen2025sys/NETSHIELD/main/bot_detector_blacklist_ipv4.txt;Active
NETSHIELD;AbuseIPDB top reported IPs Score ≥50 (API);IP;https://raw.githubusercontent.com/juergen2025sys/NETSHIELD/main/abuseipdb_api_blacklist.txt;Offline
NETSHIELD;High-risk ASN blocklist Score ≥50;IP;https://raw.githubusercontent.com/juergen2025sys/NETSHIELD/main/asn_blocklist_firewall.txt;Active
SentinelPhishFeed;Phishing URLs feed (auto-updated multiple times daily);URL;https://raw.githubusercontent.com/rjn32s/SentinelPhishFeed/main/urls.txt;Active
SentinelPhishFeed;Malicious IP address feed;IP;https://raw.githubusercontent.com/rjn32s/SentinelPhishFeed/main/ips.txt;Active
SentinelPhishFeed;Phishing and malware domains feed;DNS;https://raw.githubusercontent.com/rjn32s/SentinelPhishFeed/main/domains.txt;Active
SentinelPhishFeed;File hash IOCs (MD5/SHA);IOC;https://raw.githubusercontent.com/rjn32s/SentinelPhishFeed/main/hashes.txt;Active
ExtSentry;Malicious browser extension IDs (all);URL;https://raw.githubusercontent.com/ExtSentry/ExtSentry.github.io/main/feeds/ioc_all_extension_ids.txt;Active
ExtSentry;Malicious browser extension IDs only;URL;https://raw.githubusercontent.com/ExtSentry/ExtSentry.github.io/main/feeds/ioc_malicious_extension_ids.txt;Active
ExtSentry;Suspicious browser extension IDs only;URL;https://raw.githubusercontent.com/ExtSentry/ExtSentry.github.io/main/feeds/ioc_suspicious_extension_ids.txt;Active
ExtSentry;Browser extension CRX SHA-256 file hashes;SHA256;https://raw.githubusercontent.com/ExtSentry/ExtSentry.github.io/main/feeds/ioc_crx_sha256_hashes.txt;Active
ExtSentry;Browser extensions enriched IOC feed (CSV);URL;https://raw.githubusercontent.com/ExtSentry/ExtSentry.github.io/main/feeds/extsentry_ioc_feed.csv;Active
FireHOL;FireHOL blocklist-ipsets — curated IP blocklist collections (multiple sets);REPO;https://github.com/firehol/blocklist-ipsets;Active
mthcht;SOC/DFIR detection lists – VPN IPs, Named Pipes, Suspicious Services, Extensions and more;REPO;https://github.com/mthcht/awesome-lists;Active
hagezi;DNS Pro Blocklist – comprehensive DNS blocklist (ads, tracking, malware, phishing);DNS;https://raw.githubusercontent.com/hagezi/dns-blocklists/main/domains/pro.txt;Active
hagezi;DNS Pro++ Blocklist – more aggressive version of Pro list;DNS;https://raw.githubusercontent.com/hagezi/dns-blocklists/main/domains/pro.plus.txt;Active
blocklistproject;Block Lists – comprehensive domain blocklists (ads, malware, phishing, ransomware, scam);REPO;https://github.com/blocklistproject/Lists;Active
jarelllama;Scam Blocklist – phishing and scam domains (wildcard format);DNS;https://raw.githubusercontent.com/jarelllama/Scam-Blocklist/main/lists/wildcard_domains/scams.txt;Active
Volexity;Volexity Threat Intelligence IOC repository;REPO;https://github.com/volexity/threat-intel;Active
Sekoia;Sekoia Community IOC repository;REPO;https://github.com/SEKOIA-IO/Community;Active
Palo Alto Unit42;Unit42 Timely Threat Intelligence IOC repository;REPO;https://github.com/PaloAltoNetworks/Unit42-timely-threat-intel;Active
Palo Alto Unit42;Unit42 Threat Intelligence Article IOC repository;REPO;https://github.com/PaloAltoNetworks/Unit42-Threat-Intelligence-Article-Information;Active
Zscaler ThreatLabz;Zscaler ThreatLabz IOC repository;REPO;https://github.com/threatlabz/iocs;Active
Sophos;Sophos Labs IOC repository;REPO;https://github.com/sophoslabs/IoCs;Active
Cisco Talos;Cisco Talos IOC repository;REPO;https://github.com/Cisco-Talos/IOCs;Active
Elastic Security Labs;Elastic Security Labs threat indicators repository;REPO;https://github.com/elastic/labs-releases;Active
Avast;Avast IOC repository;REPO;https://github.com/avast/ioc;Active
HarfangLab;HarfangLab IOC repository;REPO;https://github.com/HarfangLab/iocs;Active
DoctorWeb;Dr.Web malware IOC repository;REPO;https://github.com/DoctorWebLtd/malware-iocs;Active
Black Lotus Labs;Black Lotus Labs IOC repository;REPO;https://github.com/blacklotuslabs/IOCs;Active
prodaft;prodaft malware IOC repository;REPO;https://github.com/prodaft/malware-ioc;Active
pr0xylife;pr0xylife malware IOC collections (DarkGate, QakBot, Emotet, IcedID and more);REPO;https://github.com/pr0xylife;Active
Zimperium;Zimperium mobile threat IOC repository;REPO;https://github.com/Zimperium/IOC;Active
blackorbird;APT Report IOC repository;REPO;https://github.com/blackorbird/APT_REPORT;Active
unknownhad;CloudIntel – cloud-specific IOC repository;REPO;https://github.com/unknownhad/CloudIntel;Active
SpamHaus;Extended DROP list – ASNs (eDROP);IP;https://www.spamhaus.org/drop/edrop.txt;Active
jeroengui;Phishing URLs – last week community feed;URL;https://file.jeroengui.be/phishing/last_week.txt;Active
rosti.bin;Public threat intelligence reports feed;IOC;https://rosti.bin.re/feeds;Active
Bert-JanP;Open Source Threat Intel Feeds;REPO;https://github.com/Bert-JanP/Open-Source-Threat-Intel-Feeds;Active
mthcht;Unit42 IOC by mthcht;REPO;https://github.com/mthcht/iocs;Active
ThreatLabz;Zscaler ThreatLabz Ransomware notes;REPO;https://github.com/ThreatLabz/ransomware_notes;Active
UrlHaus;UrlHaus_misp ASN feeds;URL;https://urlhaus.abuse.ch/feeds/;Active
vx-underground;Samples and Intelligence Reports;REPO;https://vx-underground.org/Samples;Active
mthcht;Threat Hunting yara rules;REPO;https://github.com/mthcht/ThreatHunting-Keywords-yara-rules;Active
mthcht;Offensive Tools detection patterns;IOC;https://raw.githubusercontent.com/mthcht/ThreatHunting-Keywords/main/offensive_tool_keyword.csv;Active
mthcht;Greyware Tools detection patterns;IOC;https://raw.githubusercontent.com/mthcht/ThreatHunting-Keywords/main/greyware_tool_keyword.csv;Active
mthcht;AV signatures keywords;IOC;https://github.com/mthcht/ThreatHunting-Keywords/blob/main/signature_keyword.csv;Active
mthcht;Suspicious Named pipes;IOC;https://github.com/mthcht/awesome-lists/blob/main/Lists/suspicious_named_pipe_list.csv;Active
mthcht;Suspicious Windows Services;IOC;https://github.com/mthcht/awesome-lists/blob/main/Lists/suspicious_windows_services_names_list.csv;Active
mthcht;Suspicious Windows Tasks;IOC;https://github.com/mthcht/awesome-lists/blob/main/Lists/suspicious_windows_tasks_list.csv;Active
mthcht;Suspicious destination port;IOC;https://github.com/mthcht/awesome-lists/blob/main/Lists/suspicious_ports_list.csv;Active
mthcht;Suspicious Firewall rules;IOC;https://github.com/mthcht/awesome-lists/blob/main/Lists/suspicious_windows_firewall_rules_list.csv;Active
mthcht;Suspicious User-agent;IOC;https://github.com/mthcht/awesome-lists/blob/main/Lists/suspicious_http_user_agents_list.csv;Active
mthcht;Suspicious USB Ids;IOC;https://github.com/mthcht/awesome-lists/blob/main/Lists/suspicious_usb_ids_list.csv;Active
mthcht;Suspicious mutex names;IOC;https://github.com/mthcht/awesome-lists/blob/main/Lists/suspicious_mutex_names_list.csv;Active
mthcht;Suspicious MAC address;IOC;https://github.com/mthcht/awesome-lists/blob/main/Lists/suspicious_mac_address_list.csv;Active
mthcht;Suspicious Hostname;IOC;https://github.com/mthcht/awesome-lists/blob/main/Lists/suspicious_hostnames_list.csv;Active
mthcht;Microsoft App IDs List (BEC Detection);IOC;https://github.com/mthcht/awesome-lists/blob/main/Lists/microsoft_apps_list.csv;Active
mthcht;Metadata Executables;IOC;https://github.com/mthcht/awesome-lists/blob/main/Lists/Windows%20Metadata/executables_metadata_informations_list.csv;Active
mthcht;DNS over HTTPS server list;IOC;https://github.com/mthcht/awesome-lists/blob/main/Lists/dns_over_https_servers_list.csv;Active
mthcht;Dynamic DNS domains list;IOC;https://github.com/mthcht/awesome-lists/blob/main/Lists/DYNDNS/dyndns_list.csv;Active
mthcht;Sinkholed Domains;IOC;https://github.com/mthcht/awesome-lists/blob/main/Lists/Domains/sinkholed_servers/sinkholed_domains.csv;Active
mthcht;Hijacklibs;IOC;https://github.com/mthcht/awesome-lists/blob/main/Lists/Hijacklibs/hijacklibs_list.csv;Active
mthcht;LOLDriver List;IOC;https://github.com/mthcht/awesome-lists/blob/main/Lists/Drivers/loldrivers_only_hashes_list.csv;Active
mthcht;Malicious Bootloader List;IOC;https://github.com/mthcht/awesome-lists/blob/main/Lists/Drivers/malicious_bootloaders_only_hashes_list.csv;Active
mthcht;Malicious SSL Certificates List;IOC;https://github.com/mthcht/awesome-lists/blob/main/Lists/SSL%20CERTS/ssl_certificates_malicious_list.csv;Active
mthcht;Ransomware known file extensions;IOC;https://github.com/mthcht/awesome-lists/blob/main/Lists/ransomware_extensions_list.csv;Active
mthcht;Ransomware known file name ransom notes;IOC;https://github.com/mthcht/awesome-lists/blob/main/Lists/ransomware_notes_list.csv;Active
mthcht;Windows ASR rules;IOC;https://github.com/mthcht/awesome-lists/blob/main/Lists/windows_asr_rules.csv;Active
mthcht;VPN NordVPN IPs;IP;https://github.com/mthcht/awesome-lists/blob/main/Lists/VPN/NordVPN/nordvpn_ips_list.csv;Active
mthcht;VPN SurfShark IPs;IP;https://github.com/mthcht/awesome-lists/blob/main/Lists/VPN/SurfSharkVPN/surfshark_vpn_servers_domains_and_ips_list.csv;Active
mthcht;VPN MullVad IPs;IP;https://github.com/mthcht/awesome-lists/blob/main/Lists/VPN/MullVad/mullvad_relay_servers_ips_list.csv;Active
mthcht;GeoIP services Lists;IOC;https://github.com/mthcht/awesome-lists/blob/main/Lists/GeoIP/ip_location_sites_list.csv;Active
mthcht;VPN ProtonVPN IPs;IP;https://github.com/mthcht/awesome-lists/blob/main/Lists/VPN/ProtonVPN/protonvpn_ip_list.csv;Active
mthcht;Suspicious TLDs;REPO;https://github.com/mthcht/awesome-lists/tree/main/Lists/TLDs;Active
mthcht;Suspicious ASNs;REPO;https://github.com/mthcht/awesome-lists/tree/main/Lists/ASNs;Active
mthcht;Maxmind GeoIP Database Extracted;REPO;https://github.com/mthcht/awesome-lists/tree/main/Lists/ASNs/correlation_maxmind_geo_db/maxmind_databases/extracted;Active
mthcht;Suspicious CERTs signer;REPO;https://github.com/mthcht/awesome-lists/tree/main/Lists/CERTS;Active
mthcht;Suspicious Browser Extensions;REPO;https://github.com/mthcht/awesome-lists/tree/main/Lists/Browser%20Extensions;Active
mthcht;Phishing domains and urls;REPO;https://github.com/mthcht/awesome-lists/tree/main/Lists/Phishing;Active
mthcht;Sinkholed servers Domains folder;REPO;https://github.com/mthcht/awesome-lists/tree/main/Lists/Domains;Active
mthcht;TOR Nodes Lists folder;REPO;https://github.com/mthcht/awesome-lists/tree/main/Lists/TOR;Active
mthcht;RMM detection;REPO;https://github.com/mthcht/awesome-lists/tree/main/Lists/RMM;Active
mthcht;Important Roles and groups for AD/EntraID/AWS;REPO;https://github.com/mthcht/awesome-lists/tree/main/Lists/permissions;Active
mthcht;DNSTWIST Lists;REPO;https://github.com/mthcht/awesome-lists/tree/main/Lists/Phishing/DNSTWIST;Active
mthcht;PROXIES PROXY IP/Port Lists;REPO;https://github.com/mthcht/awesome-lists/tree/main/Lists/PROXY;Active
mthcht;Companies IP Range Lists (Default);REPO;https://github.com/mthcht/awesome-lists/tree/main/Lists/Ranges_IP_Address_Company_List/bgp.he.net;Active
mthcht;Companies IP Range Lists (Microsoft);REPO;https://github.com/mthcht/awesome-lists/tree/main/Lists/Ranges_IP_Address_Company_List/Microsoft;Active
mthcht;Microsoft Defender AV signatures lists;REPO;https://github.com/mthcht/awesome-lists/tree/main/Lists/AV%20signatures/Defender;Active
mthcht;Microsoft Defender AV yara rules;REPO;https://github.com/mthcht/awesome-lists/tree/main/Lists/Others/Defender_yara_rules;Active
mthcht;ClamAV signatures lists;REPO;https://github.com/mthcht/awesome-lists/tree/main/Lists/AV%20signatures/ClamAV;Active
mthcht;Others correlation Lists;REPO;https://github.com/mthcht/awesome-lists/tree/main/Lists/Others;Active
mthcht;Sigma Rules by mthcht;REPO;https://github.com/mthcht/sigma/tree/master/rules;Active
mthcht;ALL TI Reports;REPO;https://github.com/mthcht/ThreatIntel-Reports;Active
Splunk;Splunk Detections Rules;REPO;https://research.splunk.com/detections/;Active
Elastic;Elastic Detection Rules;REPO;https://github.com/elastic/detection-rules;Active
The-DFIR-Report;DFIR-Report Sigma-Rules;REPO;https://github.com/The-DFIR-Report/Sigma-Rules;Active
JoeSecurity;JoeSecurity Sigma-Rules;REPO;https://github.com/joesecurity/sigma-rules/tree/master/rules;Active
mdecrevoisier;SIGMA detection rules;REPO;https://github.com/mdecrevoisier/SIGMA-detection-rules;Active
P4T12ICK;Sigma Rule Repository;REPO;https://github.com/P4T12ICK/Sigma-Rule-Repository;Active
tsale;Sigma Rules;REPO;https://github.com/tsale/Sigma_rules;Active
Bert-JanP;KQL Hunting Queries;REPO;https://github.com/Bert-JanP/Hunting-Queries-Detection-Rules;Active
0x4D31;Awesome Threat Detection;REPO;https://github.com/0x4D31/awesome-threat-detection;Active
LOTS;Living Off Trusted Sites;URL;https://lots-project.com/;Active
loldrivers;LOLDrivers;URL;https://www.loldrivers.io/;Active
lolc2;LOLC2;REPO;https://github.com/lolc2/lolc2.github.io;Active
LOLESXi-Project;LOLESXI;REPO;https://github.com/LOLESXi-Project/LOLESXi;Active
LOLOLFarm;LOLOLFarm;URL;https://lolol.farm/;Active
BushidoUK;Tools used by Russian APT;REPO;https://github.com/BushidoUK/Russian-APT-Tool-Matrix;Active
CERT-UA;CERT UA RSS Feed;RSS;https://cert.gov.ua/api/articles/rss;Active
CISA;CISA Cybersecurity Advisories;RSS;https://www.cisa.gov/cybersecurity-advisories/all.xml;Active
Microsoft;Microsoft Threat Intel Feed;RSS;https://www.microsoft.com/en-us/security/blog/topic/threat-intelligence/feed;Active
Google;Google Threat Intelligence Feed;RSS;https://feeds.feedburner.com/threatintelligence/pvexyqv7v0v;Active
Palo Alto;Unit42 Threat Intel RSS;RSS;https://unit42.paloaltonetworks.com/feed/;Active
Cisco;Talos Intelligence Feed;RSS;https://feeds.feedburner.com/feedburner/Talos;Active
TheDFIRReport;The DFIR Report Feed;RSS;https://thedfirreport.com/feed/;Active
Checkpoint;Checkpoint Research Feed;RSS;https://research.checkpoint.com/feed;Active
Kaspersky;Securelist APT Attacks Feed;RSS;https://securelist.com/threat-category/apt-targeted-attacks/feed/;Active
MITRE;MITRE ATT&CK Matrix Navigator;FRAMEWORK;https://mitre-attack.github.io/attack-navigator/;Active
MITRE;CVE Vulnerability Database;FRAMEWORK;https://cve.mitre.org/;Active
andreacristaldi;APTMAP (APT Tracker);FRAMEWORK;https://github.com/andreacristaldi/APTmap;Active
Shodan;Shodan OSINT Search;OSINT;https://www.shodan.io/;Active
Censys;Censys OSINT Search;OSINT;https://search.censys.io/;Active
ThreatMiner;ThreatMiner Data Mining;OSINT;https://www.threatminer.org/;Active
URLScan;URLScan Website Scanner;OSINT;https://urlscan.io/;Active
Pulsedive;Pulsedive Threat Intelligence;OSINT;https://pulsedive.com/;Active
CyberGordon;CyberGordon URL Reputation;OSINT;https://cybergordon.com/;Active
AnyRun;Any.Run Interactive Sandbox;SANDBOX;https://any.run/;Active
Triage;Triage Malware Sandbox;SANDBOX;https://tria.ge/s;Active
JoeSecurity;JoeSandbox;SANDBOX;https://www.joesandbox.com/analysispaged/0;Active
